Claimed By,Verified?,Last Checked,Name,Physical Address,Open on Sunday,Website,Avg Entree Price,Notes,Cuisine,Accepts Reservations,Largest Party Accommodated,Phone,Neighborhood
Your Reddit username,Check here when you've fully checked and updated this restaurant (full row),"Please enter the  (most recent) date you verified/updated this restaurant's info, so we can tell if the information is really stale",,,,,"This was estimated by AI and I don't know how good it is. Needs to be a single number, not a range. Sorting and sliders, etc, do not work on ranges. ","This was collected by AI, it focused on price info. But if you think parking info, 'must try' dish, etc. is more important then change it.  Just try to keep it about same length as the average notes there now.",,,"This is best effort, it won't be perfect. Just call and ask something like ""What is the largest party you can typically seat, not including private dining or room rentals?",,
,FALSE,,Abhi Eatery and Bar,"2721 Cahaba Rd, Mountain Brook, AL 35223",FALSE,https://abhieateryandbar.com,28,Asian-fusion plates & sushi; many mains mid-$20s(Abhi Eatery and Bar),Asian Fusion / Sushi,TRUE,,(205) 870-1600*,Mountain Brook Village
,FALSE,,Acapulco Grill,"430 Green Springs Hwy, Homewood, AL 35209*",TRUE,(search: “Acapulco Bar & Grill Green Springs”),14,Standard Tex-Mex entrées around $12–$16,Mexican,FALSE,,(205) 942-0221*,Green Springs / Homewood
,FALSE,,Ahki’s,"121 20th St N, Birmingham, AL 35203",FALSE,https://www.ahkismenu.com,16,Mediterranean-inspired street platters ~$13–$18,Mediterranean / Street Food,FALSE,,(205) 518-0035,Downtown
,FALSE,,Al's Deli & Grill,"1629 10th Ave S, Birmingham, AL 35205",TRUE,,14,Greek-American diner plates mostly $10–$16,Mediterranean / Diner,FALSE,,(205) 939-9950,Southside / UAB
,FALSE,,Alabama Biscuit Company,"Cahaba Heights, Birmingham, AL 35243",TRUE,https://www.alabamabiscuit.com,12,Gourmet biscuit plates generally around $10–$14,Breakfast/Brunch,FALSE,,,Cahaba Heights
,FALSE,,American Ranch House,"636 Lomb Ave SW, Birmingham, AL 35211",TRUE,(search: “American Ranch House Lomb Avenue”),13,"$; meat-and-three, wings & fish roughly $10–16",American / Southern,FALSE,,(205) 202-5872,West End
,FALSE,,Amore Ristorante Italiano,"5510 Hwy 280 Ste 116, Birmingham, AL 35242",FALSE,https://letsamore.com/,30,$$$ classic Italian fine dining,Italian,TRUE,,(205) 437-1005,Hwy 280 / Inverness
,FALSE,,Ampersandwich,"4124 3rd Ave S, Birmingham, AL 35222 ",FALSE,https://eatampersandwich.com,14,Gourmet sandwiches around $12–$16,Sandwiches,FALSE,,(205) 202-2024,Avondale
,FALSE,,Archie's Bar-B-Q & Burgers,"1017 6th Ave N, Birmingham, AL 35203",TRUE,https://archiesbbqandburgers.com,15,BBQ plates and burgers generally in the low-to-mid teens,Barbecue/Burgers,FALSE,,,North Birmingham
,FALSE,,Automatic Seafood and Oysters,"2824 5th Ave S, Birmingham, AL 35233",TRUE,automaticseafood.com,42,Seafood entrées typically $35–50.,Seafood,TRUE,,,Lakeview
,FALSE,,Bamboo on 2nd,"2212 2nd Ave N, Birmingham, AL 35203",TRUE,https://bambooon2nd.com,18,Most noodle/rice dishes $14–$22,Asian Fusion / Noodles,TRUE,,205-703-0551,Downtown
,FALSE,,Bar La Fete,"2018 Morris Ave, Birmingham, AL 35203",TRUE,https://www.lafetebham.com,35,French small & large plates; many mains $30–$40,French / Wine Bar,TRUE,,(205) 703-3012,Downtown / Morris Ave
,FALSE,,Bawarchi Biryanis,"2798 John Hawkins Pkwy Ste 108, Hoover, AL 35244",TRUE,https://bawarchibirmingham.com/,18,"$$ biryanis, curries & Indo-Chinese",Indian,FALSE,,,Hoover / Riverchase
,FALSE,,Bay Leaf Modern Indian Cuisine & Bar,"1024 20th St S Unit 101, Birmingham, AL 35205",TRUE,https://www.bayleafbham.com,20,Modern Indian curries & tandoori; entrees about $16–$24,Indian,TRUE,,(205) 777-3070,Five Points South
,FALSE,,Bettola,"2930 3rd Ave S, Birmingham, AL 35233",FALSE,https://www.bettolabhm.com,22,Artisanal pizzas & pastas roughly $18–$26,Italian / Pizza,TRUE,,(205) 731-6499,Lakeview
,FALSE,,Big Spoon Creamery,"4000 3rd Ave S #104, Birmingham, AL 35222",TRUE,https://www.bigspooncreamery.com,6,Single scoops in $4–$7 range,Ice Cream / Dessert,FALSE,,205-703-4712,Avondale
,FALSE,,Birmingham Wings & Waffles,"3813 3rd Ave S, Birmingham, AL 35222",FALSE,,13,Chicken & waffles / wings about $10–$16,Soul Food / Breakfast,FALSE,,,Avondale
,FALSE,,Bistro 218,"218 20th St N, Birmingham, AL 35203",FALSE,https://www.bistro218.com,38,Upscale French-influenced entrees $30–$45,French / New American,TRUE,,(205) 983-7999,Downtown
,FALSE,,Bistro V,"521 Montgomery Hwy, Vestavia Hills, AL 35216",FALSE,https://bistro-v.com,25,Southern bistro entrees mostly in the $18–$28 range,Southern/Bistro,TRUE,,,Vestavia Hills
,FALSE,,Black Market Bar & Grill,"3411 Colonnade Pkwy #800, Birmingham, AL 35243",TRUE,https://www.evilbartenders.com,16,"Burgers & bar food, most mains ~$12–$20",American / Bar,FALSE,,(205) 967-8787,Hwy 280 / Colonnade
,FALSE,,Blue Pacific,"3219 Lorna Rd, Birmingham, AL 35216 ",FALSE,,16,Thai plates generally in mid-teens,Thai,FALSE,,(205) 978-0754,Hoover / Lorna Rd
,FALSE,,Blueprint on 3rd,"3000 3rd Ave S, Birmingham, AL 35233",FALSE,blueprinton3rd.com,36,Upscale Southern / regional American mains low- to mid-30s.,Southern / American,TRUE,,,Pepper Place
,FALSE,,Bob Sykes Bar-B-Q,"1724 9th Ave N, Bessemer, AL 35020",FALSE,https://www.bobsykes.com,14,$$; barbecue plates & sandwiches roughly $10–18,Barbecue,FALSE,8,(205) 426-1400,Bessemer
,FALSE,,Bocca Ristorante,"2212 Morris Ave, Birmingham, AL 35203",FALSE,https://www.boccabirmingham.com,32,Italian entrees mostly in the low-to-mid $30s,Italian,TRUE,,,Downtown
,FALSE,,Bongiorno Italian Restaurant,"68 Church St, Mountain Brook, AL 35213",FALSE,https://www.bongiornoitalianrestaurant.com,28,"Classic Italian pastas & mains, many $22–$34",Italian,TRUE,,(205) 879-5947,Crestline Village
,FALSE,,Bottega Restaurant & Cafe,"2240 Highland Ave S, Birmingham, AL 35205",FALSE,https://bottegarestaurant.com,32,Cafe mains often $18–$25; dining room $30–$45,Italian / Mediterranean,TRUE,,205-939-1000,Highland Park
,FALSE,,Brick & Tin,"2901 Cahaba Rd, Mountain Brook, AL 35223",FALSE,https://www.brickandtin.com/,18,$$ farm-to-table sandwiches & plates,New American,FALSE,,(205) 502-7971,Mountain Brook
,FALSE,,Cafe Dupont,"113 20th St N, Birmingham, AL 35203",FALSE,https://www.cafedupont.net,40,Dinner entrees often $35–$50,Fine Dining / Southern,TRUE,,205-322-1282,Downtown
,FALSE,,Capella Pizzeria,"4700 US-280 E, Ste 13, Birmingham, AL 35242",TRUE,https://capellapizzeria.com,18,Neapolitan pizzas mostly ~$15–$22,"Pizza, Italian",FALSE,,(205) 438-6108,280 / Inverness
,FALSE,,Carlile’s BBQ,"3511 6th Ave S, Birmingham, AL 35222",FALSE,http://www.carlilesbarbecue.com,15,BBQ plates & sandwiches mostly $12–$18(Yelp),Barbecue,FALSE,,(205) 328-3131,Lakeview / Pepper Place
,FALSE,,Carrigan's Public House,"2430 Morris Ave, Birmingham, AL 35203",FALSE,https://www.carrigans.com/,18,"$$ pub food, cocktails & rooftop",Gastropub / American,FALSE,,(205) 315-0749,Morris Ave / Downtown
,FALSE,,Carrigan’s Public House,"1913 3rd Ave N, Birmingham, AL 35203",FALSE,https://www.carrigans.com,18,Most mains in the $15–$25 range,Gastropub / American,TRUE,,205-315-0749,Downtown
,FALSE,,Cayo Coco,"2015 1st Ave N, Birmingham, AL 35203",FALSE,https://cayococorumbar.com,32,Caribbean / Latin entrées generally mid-$20s to mid-$30s,Caribbean / Latin,TRUE,,(205) 703-9001,Downtown
,FALSE,,Cedar House Cafeteria,"1001 Cedar St, Birmingham, AL 35217",FALSE,https://cedarhousecafeteria.com/,12,$–$$ Southern cafeteria breakfasts & lunches,Southern / Cafeteria,FALSE,,(205) 841-1001,North Birmingham
,FALSE,,CharBar No. 7,"611 Doug Baker Blvd, Birmingham, AL 35242",TRUE,https://charbar7.com/,22,"$$ burgers, steaks & salads",American Grill,TRUE,,,Greystone / Hwy 280
,FALSE,,Chez Fonfon,"2007 11th Ave S, Birmingham, AL 35205",FALSE,https://www.fonfonbham.com,28,Most mains roughly $22–$35,French Bistro,TRUE,,205-939-3221,Five Points South
,FALSE,,Chez Lulu,"1911 Cahaba Rd, Birmingham, AL 35223",TRUE,https://www.chezlulu.us,22,Bistro-style French dishes mostly ~$18–$26,"French, Café",TRUE,,(205) 870-7011,Mountain Brook / English Village
,FALSE,,China Way,"5220 Oporto Madrid Blvd S, Birmingham, AL 35210",TRUE,http://www.chinawayal.com/,12,"$ Chinese takeout, large portions",Chinese,FALSE,,(205) 595-5300,Eastwood / Oporto-Madrid
,FALSE,,Chocolatá,"701 37th St S #5, Birmingham, AL 35222",FALSE,https://www.chocolatachocolate.com,4,Bonbons typically in $2–$4 per piece range,Chocolates / Dessert,FALSE,6,205-215-0416,Forest Park
,FALSE,,Chubbfathers,"600 1st St S, Alabaster, AL 35007",FALSE,(search: “Chubbfathers Alabaster”),15,$$; burgers & sandwiches roughly $12–18,Burgers / American,FALSE,,(205) 685-0950,Alabaster
,FALSE,,Costa's Famous Bar-B-Que,"344 Valley Ave, Birmingham, AL 35209",TRUE,https://www.costasfamous.com,17,BBQ plates and Greek specialties in the mid-teens,Barbecue/Greek,FALSE,,,Homewood
,FALSE,,Costa's Famous Bar-B-Que,"5893 Trussville Crossing Pkwy, Birmingham, AL 35235",FALSE,,15,BBQ plates largely $12–$18,Barbecue,FALSE,,,East Birmingham
,FALSE,,Creekside BBQ,"4000 Eagle Point Corporate Dr, Birmingham, AL 35242",TRUE,(search: “Creekside BBQ Eagle Point”),15,$$; BBQ combo plates in the mid-teens,Barbecue,FALSE,,(205) 855-3040,Hwy 280 / Eagle Point
,FALSE,,Crestwood Tavern,"5500 Crestwood Blvd, Birmingham, AL 35212",TRUE,https://thecrestwoodtavern.com/,12,"$ bar food, wings & burgers",Bar Food / American,FALSE,,(205) 510-0053,Crestwood
,FALSE,,Daddy Hot Bird,"2721 5th Ave S, Birmingham, AL 35233",TRUE,,15,$$ Nashville-style hot chicken,Chicken / Southern,FALSE,,,Lakeview / Southside
,FALSE,,Daniel George,"2837 Culver Rd, Mountain Brook, AL 35223",FALSE,dgbham.com,34,Upscale New American mains mostly $30–40.,New American,TRUE,,,Mountain Brook Village
,FALSE,,Davenport's Pizza Palace,"2837 Cahaba Rd, Mountain Brook, AL 35223",TRUE,https://www.davenportspizza.com,18,Pizzas mostly in the mid-to-upper teens depending on toppings,Pizza,FALSE,,205-879-8603,Mountain Brook
,FALSE,,Davenport’s Pizza Palace,"2837 Cahaba Rd, Mountain Brook, AL 35223",TRUE,https://davenportspizza.com,16,$$; specialty pizzas in the mid-teens,Pizza,FALSE,,(205) 879-8603,Mountain Brook / Crestline
,FALSE,,Demitri’s BBQ,"1901 28th Ave S, Homewood, AL 35209",TRUE,demetrisbbq.com,11,BBQ plates & sandwiches mostly $9–13.,Barbecue,TRUE,,(205) 871-1581,Homewood
,FALSE,,Diplomat Deli,"1425 Montgomery Hwy #121, Vestavia Hills, AL 35216",FALSE,https://diplomatdeli.com,12,Deli sandwiches & salads mostly $10–$14(MapQuest),Deli / Sandwiches,FALSE,,(205) 979-1515,Vestavia Hills
,FALSE,,Dos Hermanos,"211 West Valley Ave, Birmingham, AL 35209",TRUE,,12,Tacos and Mexican street food; most mains under $15,Mexican,FALSE,,(205) 518-5219,West Homewood / Valley Ave
,FALSE,,Dos Hermanos (Taco Truck),"211 W Valley Ave, Homewood, AL 35209 (primary truck)",TRUE,,4,Tacos typically $2–$4 each,Mexican Street Tacos,FALSE,,205-424-4530,Homewood / West Valley Ave
,FALSE,,Dreamland BBQ,"1427 14th Ave S, Birmingham, AL 35205",TRUE,https://dreamlandbbq.com,18,Rib and pork plates usually mid-teens to low 20s,Barbecue,FALSE,,(205) 933-2133,Glen Iris/Southside
,FALSE,,Dreamland BBQ (Southside),"1427 14th Ave S, Birmingham, AL 35205",TRUE,https://dreamlandbbq.com,18,Rib plates and BBQ combos generally in the high teens,Barbecue,FALSE,,,Southside
,FALSE,,Drift Kitchen,"2201 7th Ave S, Birmingham, AL 35233",TRUE,https://www.continentaldriftbham.com,24,Italian-leaning small plates & pastas about $18–$30,Italian / Small Plates,FALSE,,,Lakeview / Southside
,FALSE,,Dyron's Lowcountry,"121 Oak St, Mountain Brook, AL 35213",FALSE,,35,$$$ upscale Southern seafood & lowcountry,Southern / Seafood,TRUE,,(205) 834-8257,Mountain Brook
,FALSE,,Eagle’s Restaurant,"2141 Bessemer Rd, Birmingham, AL 35208",FALSE,https://www.facebook.com/eaglesrestaurant,13,Meat-and-three style plates mostly under $15(Yelp),Soul Food / Southern,FALSE,,(205) 787-3103,West End
,FALSE,,EastWest,"2306 2nd Ave N, Birmingham, AL 35203",FALSE,https://www.eastwestbirmingham.com,23,Asian-fusion small plates & entrees mostly $18–$28,Asian Fusion,TRUE,,(205) 593-4232,Downtown
,FALSE,,El Barrio,"2211 2nd Ave N, Birmingham, AL 35203",TRUE,https://www.elbarriobirmingham.com,17,"Most mains $14–$20; walk-in only, no reservations",Mexican / Latin,FALSE,,205-868-3737,Downtown
,FALSE,,El Gran Cafe Castillo,"430 82nd St S, Birmingham, AL 35206",FALSE,(search: “El Gran Cafe Castillo Birmingham”),14,Latin breakfast & lunch plates usually <$15,Honduran / Latin,FALSE,,,East Lake
,FALSE,,El Zunzun,"4105 Crosshaven Dr, Vestavia Hills, AL 35243",TRUE,https://www.el-zunzun.com,30,"Latin small plates & mains, many $20–$32",Latin American,TRUE,,(205) 791-7711,Cahaba Heights
,FALSE,,Eli's Jerusalem Grill,"4673 Highway 280, Birmingham, AL 35242",TRUE,https://www.elisjerusalemgrill.com,15,Shawarma and platter meals mostly in the low-to-mid teens,Middle Eastern,FALSE,,,Inverness/280
,FALSE,,Eugene’s Hot Chicken,"2268 9th Ave N, Birmingham, AL 35203",FALSE,eugeneshotchicken.com,14,Hot chicken plates & sandwiches mid-teens.,Fried Chicken,FALSE,,,Uptown
,FALSE,,Falafel Cafe,"113 20th St S, Birmingham, AL 35233",FALSE,(search: “Falafel Cafe 20th St S Birmingham”),13,Platters & wraps mostly $10–$15,Mediterranean / Middle Eastern,FALSE,,(205) 731-3121*,UAB / Southside
,FALSE,,Farm Bowl + Juice Co.,"1920 29th Ave S, Homewood, AL 35209",FALSE,https://www.farmbowljuiceco.com,13,$$; smoothie bowls & juices about $10–15,Healthy / Juice Bar,FALSE,7,(205) 783-5090,Homewood / SoHo
,FALSE,,Fat Charles BBQ,"(Food truck based in Birmingham, AL 35203)",FALSE,https://www.fatcharlesbbq.com,15,Taco orders and plates; pricing varies by event,"Barbecue, Tacos",FALSE,,(205) 615-4950,Downtown / Food Truck
,FALSE,,Fife's,"2321 4th Ave N, Birmingham, AL 35203",FALSE,,13,Meat-and-three cafeteria; plates about $10–$14,Southern / Meat & Three,FALSE,,(205) 254-9400,Downtown East
,FALSE,,FoodBar,"3156 Heights Village, Vestavia Hills, AL 35243",FALSE,https://www.foodbarbham.com,32,Upscale New American; mains around $28–$38,New American / Southern,TRUE,,(205) 876-8100,Vestavia Hills / Cahaba Heights
,FALSE,,Fuku Ramen 280,"210 Doug Baker Blvd #100, Birmingham, AL 35242",TRUE,https://fukuramenbirminghamal.kwickmenu.com,17,Ramen bowls generally $14–$19,Japanese / Ramen,FALSE,,(205) 747-0557,Hwy 280 / Lee Branch
,FALSE,,Full Moon Bar-B-Que (Southside),"525 25th St S, Birmingham, AL 35233",FALSE,https://fullmoonbbq.com,15,BBQ plates and sandwiches generally around $12–$18,Barbecue,FALSE,,205-324-1007,Southside
,FALSE,,Full Moon BBQ,"525 25th St S, Birmingham, AL 35233",FALSE,https://fullmoonbbq.com,15,BBQ plates and sandwiches mostly $10–$18,Barbecue,FALSE,,(205) 324-1007,Southside
,FALSE,,Galley & Garden,"2220 Highland Ave S, Birmingham, AL 35205",FALSE,https://www.galleyandgarden.com,40,Fine dining; most entrees in the $30–$45 range,New American/Fine Dining,TRUE,,,Highland Park
,FALSE,,GianMarco’s,"721 Broadway St, Birmingham, AL 35209",FALSE,https://www.gianmarcosbhm.com,32,Upscale Italian; many entrées ~$28–$40+,Italian,TRUE,,(205) 871-9622,Homewood
,FALSE,,Giuseppe’s Cafe,"925 8th St S, Birmingham, AL 35205",FALSE,giuseppescafe.com,20,Pasta & Italian entrées about $15–24.,Italian,FALSE,,,Southside
,FALSE,,Golden Rule Bar-B-Q,"2504 Crestwood Blvd, Birmingham, AL 35210",TRUE,http://www.goldenrulebbq.biz,15,$$; barbecue plates & sandwiches ~$12–18,Barbecue,FALSE,,(205) 224-2014,Irondale / Crestwood Blvd
,FALSE,,Golden Rule BBQ,"2504 Crestwood Blvd, Irondale, AL 35210",TRUE,https://goldenrulebbq.com,15,Classic BBQ plates/sandwiches mostly under $20,Barbecue,FALSE,,(205) 224-2014,Irondale / Crestwood
,FALSE,,Golden Temple Cafe,"1901 11th Ave S, Birmingham, AL 35205",FALSE,goldentemplehealthfoods.com,12,Vegetarian plates and bowls around $10–14.,Vegetarian / Health Food,FALSE,,,Southside
,FALSE,,Gordos,"433 Valley Ave, Homewood, AL 35209",FALSE,,15,Tex-Mex plates & combos about $12–18.,Mexican,FALSE,,,Homewood
,FALSE,,Great Wall Chinese Restaurant,"706 Valley Ave, Birmingham, AL 35209",TRUE,https://www.greatwallbirmingham.com/,12,$–$$ Chinese takeout & dine-in,Chinese,FALSE,,,Homewood / Valley Ave
,FALSE,,Green Acres Cafe,"1705 4th Ave N, Birmingham, AL 35203",FALSE,greenacrescafe.org,10,Fried chicken & fish plates around $9–12.,Southern / Fried Chicken,FALSE,,(205) 251-3875,Downtown
,FALSE,,Gus’s Hot Dogs,"1915 4th Ave N, Birmingham, AL 35203",FALSE,(search: “Gus’s Hot Dogs Birmingham”),8,$; hot dogs and simple plates under $10,Hot Dogs / American,FALSE,5,(205) 251-4540,Downtown
,FALSE,,Hamburger Heaven,"1703 Crestwood Blvd, Irondale, AL 35210",FALSE,https://thehamburgerheaven.com/,11,"$ burgers, hot dogs & sandwiches",American / Burgers,FALSE,,(205) 951-3570,Irondale
,FALSE,,Hattie B's,"2808 7th Ave S, Birmingham, AL 35233",TRUE,https://hattieb.com,14,Chicken plates mostly $12–$18,Hot Chicken,FALSE,,,Lakeview
,FALSE,,Hattie B's Hot Chicken,"2808 7th Ave S, Birmingham, AL 35233",TRUE,https://hattieb.com,15,Chicken plates and sandwiches generally in the mid-teens,Southern/Hot Chicken,FALSE,,,Lakeview
,FALSE,,Helen,"2013 2nd Ave N, Birmingham, AL 35203",FALSE,helenbham.com,38,Wood-fired Southern entrées mostly $30–45.,Southern / Steakhouse,TRUE,,,Downtown
,FALSE,,Hero Doughnuts,"1701 1st Ave S #135, Birmingham, AL 35233",TRUE,https://www.herodoughnutsandbuns.com,5,"Doughnuts $2–$4; sandwiches more; counter-service, no reservations",Doughnuts / Sandwiches,FALSE,,205-558-8011,Parkside (Railroad Park)
,FALSE,,Highlands Bar & Grill,"2011 11th Ave S, Birmingham, AL 35205",FALSE,https://highlandsbarandgrill.com,45,Entrees often $35–$55,Fine Dining / Southern,TRUE,,205-939-1400,Five Points South
,FALSE,,Homewood Gourmet,"1919 28th Ave S Ste 113, Homewood, AL 35209",FALSE,https://www.homewoodgourmet.com/,16,"$$ sandwiches, salads & daily specials",American / Deli,TRUE,,,Homewood / SoHo
,FALSE,,Hot & Hot Fish Club,"2901 2nd Ave S #110, Birmingham, AL 35233",FALSE,https://www.hotandhotfishclub.com,40,Dinner entrees often $35–$55,Fine Dining / Southern,TRUE,,205-933-5474,Pepper Place
,FALSE,,Hot Box,"114 14th St S, Birmingham, AL 35233",TRUE,https://www.hotboxbhm.com,12,Most handhelds $10–$14,American / Burgers,FALSE,,205-224-5632,Parkside (near Regions Field)
,FALSE,,Ikko Japanese Ramen & Sushi,"4700 Hwy 280 #13, Birmingham, AL 35242",TRUE,(search: “Ikko Japanese 280 Birmingham”),22,Ramen & sushi; many entrées $16–$26(ikkobirmingham.com),Japanese / Sushi / Ramen,TRUE,,(205) 408-1800*,Hwy 280 / Inverness
,FALSE,,Irondale Cafe (Whistlestop Cafe),"1906 1st Ave N, Irondale, AL 35210",FALSE,https://www.irondalecafe.com/,14,$$ Southern meat-and-three cafeteria,Southern,FALSE,,,Irondale
,FALSE,,J & J Grocery & Deli,,FALSE,,12,Meat-and-three & deli items mostly under $15,Soul Food / Deli,FALSE,,,North Birmingham
,FALSE,,Jack Brown's,"2811 7th Ave S, Birmingham, AL 35233",TRUE,https://www.jackbrownsjoint.com/locations/birmingham,15,Specialty burgers; burger + side typically around $15,"Burgers, American",FALSE,,(205) 718-7892,Lakeview / 7th Ave S
,FALSE,,Jake’s Soulfood Cafe,"3075 John Hawkins Pkwy Ste 116, Hoover, AL 35244",FALSE,,15,Soul food plates around $13–18.,Soul Food,FALSE,,,Hoover
,FALSE,,Jasmine's Cafe,"2201 6th Ave N, Birmingham, AL 35203",FALSE,,14,Casual lunch plates and sandwiches in the low-to-mid teens,American/Cafe,FALSE,,,Downtown
,FALSE,,Jim 'N Nick's,"1908 11th Ave S, Birmingham, AL 35205",TRUE,https://www.jimnnicks.com,16,BBQ plates & sandwiches mostly $12–$20,Barbecue / Southern,FALSE,,(205) 320-1060,Five Points South
,FALSE,,Jinsei,"1830 29th Ave S, Homewood, AL 35209",TRUE,https://jinseisushi.com,22,Most sushi rolls $16–$28,Japanese / Sushi,TRUE,,205-802-1440,Homewood
,FALSE,,Johnny’s Restaurant,"2902 18th St S, Homewood, AL 35209",FALSE,https://www.johnnyshomewood.com,16,$$; Southern meat-and-three plates about $13–18,Southern / Meat-and-three,FALSE,8,(205) 802-2711,Homewood
,FALSE,,Juniper,"3811 Clairmont Ave S, Birmingham, AL 35222",FALSE,https://www.juniperbham.com,25,Small plates and entrees generally in the $20–$30 range,New American,TRUE,,,Forest Park
,FALSE,,K & K's Elegant Pastries,"236 Walker Chapel Plaza, Fultondale, AL 35068",FALSE,,8,"$ cupcakes, custom cakes & desserts",Bakery / Desserts,FALSE,,,Fultondale
,FALSE,,Kabob-Licious,"1841 Montgomery Hwy Ste 105, Hoover, AL 35244",TRUE,kaboblicious.com,13,Kabobs & curries roughly $12–16.,Indian / Pakistani,FALSE,,(205) 407-6777,Hoover
,FALSE,,Kool Korner,"1360 Montgomery Hwy, Vestavia Hills, AL 35216",FALSE,https://www.koolkornersandwiches.com,12,"Hearty Cuban sandwiches, most under ~$15","Cuban, Sandwiches",FALSE,,(205) 822-4406,Vestavia Hills
,FALSE,,La Calle Tacos & Snacks,"5915 Trussville Crossings Pkwy, Birmingham, AL 35235",FALSE,,12,Street tacos & snacks; typical meal about $10–14.,Mexican / Street Tacos,FALSE,,,Trussville
,FALSE,,La Libertad,"2834 Pelham Pkwy, Pelham, AL 35124",TRUE,,14,Mexican & Central American plates mostly in low- to mid-teens,Latin American,FALSE,,(205) 620-1909,Pelham
,FALSE,,Last Call Baking,"213 25th St N Ste A, Birmingham, AL 35203",FALSE,,8,"$ pastries, cookies & coffee",Bakery / Cafe,FALSE,,,Downtown
,FALSE,,Le Fresca,"2218 2nd Ave N, Birmingham, AL 35203",FALSE,https://www.lefrescabhm.com,25,Wood-fired pizzas and Italian entrees mostly in the low-to-mid $20s,Italian,FALSE,,205-593-4241,Downtown
,FALSE,,Little Donkey,"2821 Central Ave, Homewood, AL 35209",TRUE,https://thelittledonkey.com,18,"Mexican plates and tacos, most $13–$20",Mexican,TRUE,,(205) 703-7000,Homewood
,FALSE,,Los Amigos Mexican Restaurant,"2839 7th Ave S, Birmingham, AL 35233",TRUE,,15,Combination plates generally in the low-to-mid teens,Mexican,TRUE,,205-324-5896,Lakeview
,FALSE,,Luca Lagotto,"2212 1st Ave N, Birmingham, AL 35203",FALSE,(search: “Luca Lagotto Birmingham Resy”),40,$$$$; Italian dinner mains roughly $32–48,Italian,TRUE,,,Downtown
,FALSE,,Luna Latin Cuisine,"3008 Clairmont Ave S, Birmingham, AL 35205",FALSE,(search: “Luna Latin Cuisine Birmingham”),22,$$–$$$; Latin mains generally $18–28,Latin American,FALSE,5,(205) 502-7029,Forest Park / Lakeview
,FALSE,,Makarios Kabob & Grill,"940 20th St S, Birmingham, AL 35205",TRUE,makarioskabob940.com,15,Gyros & kabob plates mostly $13–17.,Mediterranean / Middle Eastern,FALSE,,(205) 731-7414,Five Points South
,FALSE,,Margarita Grill,"234 Cahaba Valley Rd, Pelham, AL 35124",FALSE,margarita-grill.com,18,Tex-Mex entrées roughly $15–22.,Mexican / Tex-Mex,FALSE,,,Pelham
,FALSE,,Martin's Bar-B-Que,"3029 Pump House Rd, Vestavia Hills, AL 35243",TRUE,https://www.martinsbbqjoint.com/birmingham,17,BBQ plates and sandwiches generally mid-teens,Barbecue,FALSE,,(205) 715-8999,Cahaba Heights
,FALSE,,Marty's GM,"5415 Beacon Dr, Irondale, AL 35210",TRUE,,15,"Burgers, wings and bar food in mid-teens","American, Sports Bar",FALSE,,(205) 777-3852,Irondale
,FALSE,,Marty's TV,,FALSE,,15,Neighborhood bar & grill; burgers & bar snacks about $12–$18,Bar Food / Pub,FALSE,,,Trussville
,FALSE,,Marty’s TV (Marty’s Trussville),"1423 Gadsden Hwy, Suite 131, Birmingham, AL 35235",TRUE,(search: “Marty’s Trussville MTV”),16,$$; bar food & sandwiches in the mid-teens,Bar / Pub Food,FALSE,,,Trussville
,FALSE,,Masaman Thai Kitchen,"790 Montgomery Hwy, Ste 104, Vestavia Hills, AL 35216",FALSE,,16,Thai curries and noodle dishes roughly $13–$20,Thai,FALSE,,(205) 200-0711,Vestavia Hills
,FALSE,,Maya Mexican Restaurant,"521 Montgomery Hwy, Vestavia Hills, AL 35216",TRUE,https://www.mayamexicanbirmingham.com,15,Combination plates and fajitas generally in the low-to-mid teens,Mexican,FALSE,,,Vestavia Hills
,FALSE,,Melt,"4105 4th Ave S, Birmingham, AL 35222",TRUE,https://ilovemelt.com/,16,"$$ grilled cheese, burgers & salads",American / Sandwiches,FALSE,,(205) 917-5000,Avondale
,FALSE,,Mexico Lindo Bar & Grill,"350 Hollywood Blvd, Mountain Brook, AL 35223",TRUE,mexicolindobham.com,16,Most Mexican entrées in the mid-teens.,Mexican,FALSE,,(205) 870-8154,Mountain Brook
,FALSE,,Mezon,"2900 4th Ave S, Birmingham, AL 35233 (at Mayawell)",FALSE,,15,"Food truck; burritos, tacos and plates around $12–$18","Latin American, Food Truck",FALSE,,(205) 876-5981 ,Lakeview / Pepper Place
,FALSE,,Mi Pueblo,"Birmingham, AL (Mi Pueblo Supermarket – exact street TBD)",FALSE,(search: “Mi Pueblo Supermarket Birmingham AL”),13,Taqueria / hot bar plates roughly $10–$15,Mexican / Market,FALSE,,,West Birmingham / Green Springs*
,FALSE,,Michael's Restaurant,"1525 1st Ave S, Birmingham, AL 35233",TRUE,https://michaelssteakandseafood.com,35,Steaks and seafood entrees mostly in the $30–$45 range,Steakhouse/Seafood,TRUE,,,Parkside
,FALSE,,Miss Myra’s Pit Bar-B-Q,"3278 Cahaba Heights Rd, Birmingham, AL 35243",FALSE,missmyras.com,12,BBQ plates roughly $11–14.,Barbecue,FALSE,,(205) 967-6004,Cahaba Heights
,FALSE,,Mr. Chen's Authentic Chinese Cooking,"808 Green Springs Hwy Ste 140, Homewood, AL 35209",TRUE,https://www.mrchenshomewood.com,17,Chinese entrees generally $13–$22,Chinese,TRUE,,(205) 942-5000,Homewood / Green Springs
,FALSE,,Mr. P's Deli,"813 Shades Crest Rd, Birmingham, AL 35226",FALSE,https://www.mrpdeli.com/,12,"$ sandwiches, deli meats & butcher",Deli / Sandwiches,FALSE,,(205) 823-6136,Bluff Park
,FALSE,,Mr. Shawarma,"1011 20th St S, Birmingham, AL 35205",TRUE,,12,"$–$$ shawarma, gyro & falafel",Mediterranean / Middle Eastern,FALSE,,,Five Points South
,FALSE,,Mr. West's,"150 Morrow Ave, Trussville, AL 35173",TRUE,https://www.mrwestskitchen.com,15,Asian rice and noodle bowls mostly in low- to mid-teens,Asian Fusion,FALSE,,(205) 655-7778,Trussville Entertainment District
,FALSE,,Mr. West’s Asian Kitchen,"2808 7th Ave S, Suite 109, Birmingham, AL 35233",TRUE,(search: “Mr. West’s Asian Kitchen Birmingham”),17,$$; Asian-fusion bowls & plates roughly $13–21,Asian Fusion,FALSE,,(659) 202-0128,Lakeview / Midtown
,FALSE,,Munchie's on 5th Bar & Grill,"1000 5th Ave S, Birmingham, AL 35233",TRUE,,14,"$–$$ wings, burgers & late-night bar food",Bar & Grill / American,FALSE,,,UAB / Southside
,FALSE,,Naji's Pita Gourmet,"166 W Valley Ave, Birmingham, AL 35209",TRUE,https://www.facebook.com/najispitagourmet,13,Middle Eastern plates & pitas mostly $10–$15,Middle Eastern,TRUE,,(205) 945-6001,Homewood / Green Springs
,FALSE,,New China Town,"1020 20th St S, Birmingham, AL 35205",TRUE,,12,$ Chinese takeout with large portions,Chinese,FALSE,,,Five Points South
,FALSE,,New York Butcher Shoppe,"2415 Montevallo Rd, Mountain Brook, AL 35223",TRUE,,15,Sandwiches and prepared meals about $10–$18,Deli/Butcher,FALSE,,,Crestline
,FALSE,,New York Butcher Shoppe (Cahaba Heights),"3158 Heights Village, Birmingham, AL 35243",FALSE,https://www.butchershopbirmingham.com,18,Prepared entrees and meats generally between $15–$25,Market/Deli,TRUE,,205-206-4807,Cahaba Heights
,FALSE,,Niki's West,"233 Finley Ave W, Birmingham, AL 35204",FALSE,https://nikiswest.com,18,Seafood and meat-and-three plates mostly in the mid-teens to low twenties,Southern/Seafood,FALSE,,,Fountain Heights
,FALSE,,Nola Ice – Broad Street Peaux Boys,"3028 26th Ave N, Birmingham, AL 35207",FALSE,,12,$ po-boys & New Orleans-style snoballs,Cajun / Sandwiches,FALSE,,,North Birmingham
,FALSE,,Nori Thai and Sushi,"4704 Cahaba River Rd, Birmingham, AL 35243",TRUE,inorified.com,18,Thai entrées & specialty rolls mostly $15–20.,Thai & Sushi,FALSE,,(205) 970-7570,Cahaba Heights
,FALSE,,Ocean,"1218 20th St S, Birmingham, AL 35205",FALSE,https://www.oceanbirmingham.com,42,Upscale seafood; many mains ~$35–$50+,"Seafood, Fine Dining",TRUE,,(205) 933-0999,Southside / Five Points South
,FALSE,,Okinawa Sushi & Hibachi Steakhouse,"2760 John Hawkins Pkwy, Hoover, AL 35244",TRUE,,18,$$ sushi rolls & hibachi entrees,Japanese / Sushi,FALSE,,,Hoover / Riverchase
,FALSE,,Olive Branch,"3236 Cahaba Heights Rd, Birmingham, AL 35243",FALSE,https://olivebranchbham.com,18,Mediterranean/Greek plates generally in the mid-teens to low twenties,Mediterranean/Greek,TRUE,,,Southside
,FALSE,,Ono Poke,"325 Summit Blvd, Birmingham, AL 35243",TRUE,http://theonopoke.com,16,Build-your-own poke bowls mostly ~$14–$20,"Hawaiian, Poke",FALSE,,(205) 538-5566,The Summit
,FALSE,,OvenBird,"2810 3rd Ave S, Birmingham, AL 35233",FALSE,https://www.ovenbirdrestaurant.com,30,Most plates $20–$40,Spanish / Live-fire Small Plates,TRUE,,205-957-6686,Pepper Place
,FALSE,,Pappas' Grill,"1066 Montgomery Hwy, Vestavia Hills, AL 35216",TRUE,https://www.thepappasgrill.com,16,Greek platters and grilled plates mostly $13–$20,"Greek, Mediterranean",FALSE,,(205) 823-4458,Vestavia Hills
,FALSE,,Paramount,"200 20th St N, Birmingham, AL 35203",TRUE,https://paramountbirmingham.com,14,Burgers and mains mostly $12–$18,American / Bar / Arcade,FALSE,,205-320-2824,Downtown
,FALSE,,Pastry Art Bake Shoppe,"1917 29th Ave S, Homewood, AL 35209",FALSE,https://www.pastryartcakes.com,4,Baby Bites etc. generally $2–$5,Bakery / Desserts,FALSE,5,205-877-3852,Homewood
,FALSE,,Pazzo Big Slice Pizza,"2929 18th St S, Homewood, AL 35209",TRUE,,12,$–$$ whole pies & giant slices,Pizza,FALSE,,,Homewood
,FALSE,,Pazzo! Big Slice Pizza,"616 29th St S, Birmingham, AL 35233",TRUE,(search: “Pazzo Big Slice Pizza Birmingham”),12,$; slices & pies roughly $5–18,Pizza,FALSE,,(205) 930-1717,Southside
,FALSE,,Pizza Grace,"212 24th St N, Birmingham, AL 35203",TRUE,https://www.pizzagrace.com,20,Artisan pizzas mostly around $18–$22,Pizza,FALSE,,,Downtown
,FALSE,,Pollo Lucas,"3305 Lorna Rd, Hoover, AL 35216",FALSE,,14,Charcoal chicken plates low- to mid-teens.,Mexican / Latin American,FALSE,,,Hoover
,FALSE,,Pop’s Neighborhood Grill,"1207 20th St S, Birmingham, AL 35205",FALSE,,14,"Burgers, sandwiches & plates about $10–15.",Burgers / American,FALSE,,,Southside
,FALSE,,Post Office Pies,"270 Rele St, Mountain Brook, AL 35223",TRUE,https://www.postofficepies.com,17,"Pizzas usually $14–$22; counter-service, no reservations",Pizza / Italian,FALSE,,205-848-2092,Mountain Brook (Lane Parke)
,FALSE,,Pupuseria Lupita,"3002 Pelham Pkwy, Pelham, AL 35124",FALSE,https://www.pupuserialupita.com,14,Pupusas & plates roughly $10–$18,Salvadoran / Latin,FALSE,,,Pelham
,FALSE,,Ranelli's,"1225 20th St S, Birmingham, AL 35205",FALSE,https://ranellisdeli.com,12,Italian sandwiches and lunch plates mostly around $10–$14,"Italian, Deli",FALSE,,(205) 933-6983 ,Southside
,FALSE,,Real & Rosemary,"1922 29th Ave S, Birmingham, AL 35209",FALSE,https://www.realandrosemary.com,17,$$; plates & salads roughly $14–20,American / Healthy,FALSE,15,(205) 820-7100,Homewood
,FALSE,,Red Pearl Restaurant,"243 W Valley Ave, Homewood, AL 35209",TRUE,https://www.superorientalmkt.com,18,Chinese & Cantonese dishes; most entrees $14–$24,Chinese,TRUE,,(205) 945-9558,Homewood
,FALSE,,Red Sea,"22 Green Springs Hwy, Homewood, AL 35209",TRUE,https://redseabham.com,18,Ethiopian & Mediterranean entrées mostly in high teens,"Ethiopian, Mediterranean",TRUE,,(205) 848-5154,Homewood / Green Springs
,FALSE,,Rodney Scott's Whole Hog BBQ,"2701 18th St S, Homewood, AL 35209",TRUE,https://rodneyscottsbbq.com,18,BBQ plates generally in the high teens,Barbecue,FALSE,,205-922-7733,Homewood
,FALSE,,Rojo,"2921 Highland Ave S, Birmingham, AL 35205",TRUE,http://www.birminghammenus.com/rojo/,18,$$; Latin & American entrees around $14–22,Mexican & American,TRUE,,(205) 328-4733,Highland Park
,FALSE,,Ruscelli’s,"2031 Richard Arrington Jr Blvd S, Birmingham, AL 35205",FALSE,ruscellis.com,17,Italian entrées roughly mid-teens to low-20s.,Italian,FALSE,,,Southside
,FALSE,,Rusty’s Bar-B-Q,"7484 Parkway Dr, Leeds, AL 35094",TRUE,https://www.rustysbarbq.com,15,BBQ plates & sandwiches mostly $12–$18,Barbecue,FALSE,,(205) 699-4766,Leeds
,FALSE,,Saigon Noodle House,"4606 Highway 280 S, Birmingham, AL 35242",TRUE,https://www.saigonnoodlehouse.com,15,Pho and noodle dishes generally around $12–$16,Vietnamese,FALSE,,,Inverness/280
,FALSE,,Salem’s Diner,"2913 18th St S, Homewood, AL 35209 (Salem's Diner)",FALSE,salemsdiner.com,11,Most breakfast plates about $9–13.,Diner / Breakfast,FALSE,,(205) 870-8787,Homewood
,FALSE,,Salvatore's,"1024 20th St S, Birmingham, AL 35205",FALSE,,18,Pasta and Italian mains mostly $15–$25,Italian,TRUE,,,Southside
,FALSE,,Salvatore's Pizza & Pasta,"2153 Valleydale Rd, Hoover, AL 35244",FALSE,https://salvatorespizzahoover.com,20,Italian entrees and pizzas mostly around $15–$22,Italian,FALSE,,,Hoover
,FALSE,,Sam’s Deli & Grill,"Near UAB campus, Birmingham, AL 35205",FALSE,(search: “Sam’s Deli & Grill Birmingham AL”),12,"Gyros, plates & sandwiches around $10–$14",Mediterranean / Sandwiches,FALSE,,,UAB / Southside
,FALSE,,Sam's Super Samwiches,"1625 28th Ave S, Homewood, AL 35209",FALSE,https://samssupersamwiches.com,8,Most sandwiches and combos under $10,American/Diner,FALSE,,,Homewood
,FALSE,,Sammy’s Sandwich Shop,"4921 Messer Airport Hwy, Birmingham, AL 35212",FALSE,,11,Sandwiches and plates around $9–13.,Sandwiches,FALSE,,,Airport / East Birmingham
,FALSE,,Samurai Japan,"1845 Montgomery Hwy, Hoover, AL 35244",TRUE,(search: “Samurai Japan Hoover AL”),26,$$–$$$; hibachi entrees about $20–32,Japanese / Hibachi,TRUE,,,Hoover
,FALSE,,Sanpeggio’s Pizza,"2657 Valleydale Rd, Birmingham, AL 35242",TRUE,https://www.sanpeggiopizza.com,12,Pizzas & subs; most individual meals around $10–$15,Pizza / Italian-American,FALSE,,(205) 437-8300,Hoover / Valleydale
,FALSE,,Sarris Cafe,"4280 Highway 52 W, Pelham, AL 35124",TRUE,(search: “Sarris Cafe Pelham AL”),12,$; breakfast & plate lunches around $8–15,American / Diner,FALSE,,(205) 663-3953,Pelham
,FALSE,,Satterfield’s,"3161 Cahaba Heights Rd, Vestavia Hills, AL 35243",FALSE,https://www.satterfieldsrestaurant.com,42,$$$$; upscale Southern / New American mains ~ $35–55,New American / Southern,TRUE,,(205) 969-9690,Cahaba Heights
,FALSE,,Saw's barbeque,"1008 Oxmoor Rd, Homewood, AL 35209",FALSE,,17,BBQ plates and sandwiches in mid-teens,Barbecue,FALSE,,(205) 879-1937,Homewood / Edgewood
,FALSE,,Saw’s Juke Joint,"1115 Dunston Ave, Birmingham, AL 35213",TRUE,https://sawsbbq.com/saws-juke-joint-crestline,16,Most plates/sandwiches $12–$20,Southern BBQ / Soul Food,FALSE,,205-745-3920,Mountain Brook (Crestline)
,FALSE,,Shangri-La,"4500 Montevallo Rd, Ste B103, Irondale, AL 35210",TRUE,https://www.shangrilabirmingham.com,14,Chinese entrées mostly around $12–$16,Chinese,FALSE,,(205) 951-3168,Irondale
,FALSE,,Shu Shop,"1820 3rd Ave N, Birmingham, AL 35203",FALSE,http://shushopbham.com,30,Small plates and ramen; most mains in the $20–$30 range,Japanese/Izakaya,TRUE,,205-291-6660,Downtown/Theatre District
,FALSE,,Silver Coin,"3321 Lorna Rd Ste 13, Birmingham, AL 35216",TRUE,,18,"$$ curries, tandoori & lunch buffet",Indian,FALSE,,(205) 823-9070,Hoover / Lorna Rd
,FALSE,,Sitar Indian Restaurant,"420 20th St S, Birmingham, AL 35233",TRUE,,17,Indian buffet & dinner entrees roughly $14–$22,Indian,FALSE,,(205) 323-6500,Southside / UAB
,FALSE,,Slice,"725 29th St S, Birmingham, AL 35233",TRUE,https://www.slicebirmingham.com,16,Pizzas & salads mostly $13–$20,Pizza / American,FALSE,,(205) 715-9300,Lakeview
,FALSE,,SLIDE Cafe,"1025 20th St S, Birmingham, AL 35205",TRUE,http://www.eatslidecafe.com,14,Brunch plates and sliders mostly in low- to mid-teens,"American, Brunch",FALSE,,(205) 538-5474,Southside / UAB
,FALSE,,Slutty Vegan,"7 55th Pl S, Birmingham, AL 35212",TRUE,https://sluttyveganatl.com,15,Vegan burgers & fries around $13–$18,Vegan / Burgers,FALSE,,,Woodlawn / East Lake
,FALSE,,Snapper Grabbers,"5170 Medford Dr, Hoover, AL 35244",FALSE,https://www.snappergrabbers.com/,18,$$ seafood market & cooked plates,Seafood,FALSE,,,Hoover / 280
,FALSE,,Soho Social,"1830 29th Ave S, Homewood, AL 35209",TRUE,https://www.sohosocial.bar,19,"$$; burgers, snacks & plates ~$14–24",Gastropub / American,FALSE,,(205) 739-2080,Homewood / SoHo
,FALSE,,Southern Kitchen & Bar,"2301 Richard Arrington Jr Blvd N, Unit 300, Birmingham, AL 35203",TRUE,,18,Burgers & Southern pub fare mid-teens.,Southern / American,TRUE,,,Uptown
,FALSE,,Spice of Life Jamaican Restaurant,"1905 Park Pl, Birmingham, AL 35203",TRUE,,16,$$ Jamaican plates & lunch specials,Jamaican / Caribbean,FALSE,,(205) 538-5000,Downtown
,FALSE,,Station 31 Kitchen,"104 Chesser Dr, Chelsea, AL 35043",FALSE,https://station-31-kitchen.res-menu.com,18,"Southern plates & big burgers, most under $25",Southern / American,FALSE,,(205) 677-2158,Chelsea
,FALSE,,Stone Age Korean BBQ,"3340 Galleria Cir, Hoover, AL 35244",TRUE,(search: “Stone Age Korean BBQ Hoover”),30,All-you-can-eat Korean BBQ ~ $28–$35 per person(stoneagekoreanbbqnhotpot.com),Korean BBQ / Hot Pot,TRUE,,(205) 201-7538*,Hoover / Galleria
,FALSE,,Surin West,"1918 11th Ave S, Birmingham, AL 35205",TRUE,https://surinwest.com,20,"Thai curries, noodles, and sushi generally in the mid-teens to low twenties",Thai/Sushi,TRUE,,,Five Points South
,FALSE,,Sushi Village 280,"601 Doug Baker Blvd #101, Birmingham, AL 35242",TRUE,https://sushivillageal.com,18,Sushi & hibachi combos about $15–$25,Japanese / Sushi,FALSE,,(205) 968-1588,Highway 280 / Greystone
,FALSE,,T-Bone's,"1801 4th Ave N, Birmingham, AL 35203",TRUE,,15,Cheesesteaks and sandwiches about $10–$16,American/Cheesesteaks,FALSE,,,Downtown
,FALSE,,T-Bone's Authentic Philly Cheesesteaks,"1017 20th St S, Birmingham, AL 35205",TRUE,https://www.tbonesphillysteaks.com,13,Cheesesteaks and sandwiches generally in the low-to-mid teens,Sandwiches,FALSE,,,Southside
,FALSE,,Taboon Noon o Kabab,"Birmingham, AL 35205",TRUE,(search: “Taboon Noon o Kabab Birmingham”),18,$$; kebab & pita plates roughly $15–22,Middle Eastern / Mediterranean,FALSE,,,Southside / UAB area
,FALSE,,Taco Casa,"125 Wildwood Pkwy, Birmingham, AL 35209",TRUE,https://www.tacocasa.com/,10,$ fast-casual Tex-Mex,Mexican / Tex-Mex,FALSE,,(205) 940-1196,Wildwood / Lakeshore
,FALSE,,Taco Mama,"1035 Oxmoor Rd, Homewood, AL 35209",TRUE,https://tacomamaonline.com,14,Tacos & burritos mostly $10–$15,Mexican / Tex-Mex,FALSE,,(205) 414-9314,Homewood / Edgewood
,FALSE,,Taco Morro Loco,"417 41st St S, Birmingham, AL 35222",TRUE,https://tacomorrolocoal.com,15,Tacos and plates mostly in the low-to-mid teens,Mexican,FALSE,,205-346-8678,Avondale
,FALSE,,Tacos Don Tacho #2,"Homewood, AL 35209",FALSE,(search: “Tacos Don Tacho #2 Homewood”),12,$; tacos & plates mostly $3–15,Mexican / Tacos,FALSE,,,Homewood / Green Springs
,FALSE,,Taj India,"3028 Clairmont Ave S, Birmingham, AL 35205",TRUE,https://tajindia.net,20,Traditional Indian with lunch buffet; dinner entrees $18–$25,Indian,TRUE,,(205) 939-3805,Clairmont / Lakeview
,FALSE,,Taqueria Juarez,"Birmingham, AL 35228",TRUE,(search: “Taqueria Juarez Birmingham AL”),12,$; street tacos & combo plates mostly under $15,Mexican / Tacos,FALSE,,,West End area
,FALSE,,Tasty Town,"16 14th St S, Birmingham, AL 35233",TRUE,https://eattastytown.com,24,Greek entrées mostly high-teens to mid-20s,"Greek, Mediterranean",TRUE,,(205) 855-7750,Parkside / Railroad Park
,FALSE,,Ted's Restaurant,"328 12th St S, Birmingham, AL 35233",FALSE,http://www.tedsbirmingham.com,12,Meat-and-three plates typically around $10–$14,Southern/Meat-and-Three,FALSE,,205-324-2911,Southside/UAB
,FALSE,,Ted’s Restaurant,"328 12th St S, Birmingham, AL 35233",FALSE,https://tedsbirmingham.com,12,Meat-and-three plates around $10–$15,Southern/Meat-and-Three,FALSE,,(205) 324-2911,Southside/Medical
,FALSE,,Thai Basil,"1423 Gadsden Hwy Ste 101, Trussville, AL 35173",FALSE,thaibasilandsushi.com,17,Thai & sushi entrées mostly $14–20.,Thai & Sushi,FALSE,,,Trussville
,FALSE,,The Alabama Biscuit Co.,"4133 White Oak Dr, Birmingham, AL 35243",TRUE,https://www.alabamabiscuit.com,10,Most biscuit plates $8–$14,Breakfast / Bakery,FALSE,,205-286-2353,Cahaba Heights
,FALSE,,The Barbeque Stop,"6631 Old Springville Rd, Pinson, AL 35126",FALSE,,15,"$$ smoked meats, plates & sandwiches",BBQ,FALSE,,,Clay / Pinson
,FALSE,,The Battery,"2821 Central Ave Suite 101, Homewood, AL 35209",TRUE,https://www.thebatterybham.com,18,Sports-bar food; burgers & mains mostly $14–$22,American / Sports Bar,FALSE,,,Homewood
,FALSE,,The Bright Star,"304 19th St N, Bessemer, AL 35020",TRUE,https://www.thebrightstar.com,30,Greek-Southern seafood & steaks; many mains $25–$40,Greek / Southern,TRUE,,(205) 424-9444,Bessemer
,FALSE,,The Depot Deli & Grill,"29 Lake Davidson Ln, Helena, AL 35080",FALSE,(search: “Depot Deli & Grill Helena AL”),13,"Burgers, sandwiches, plates mostly under $15",American / Deli,FALSE,,(205) 620-1426,Helena
,FALSE,,The Electric,"4426 4th Ave S, Birmingham, AL 35222",TRUE,https://www.theelectricbar.com,15,"$$; sandwiches, loaded fries & sides ~$12–18",Sandwiches / Bar,FALSE,,(205) 202-2953,Avondale
,FALSE,,The Essential,"2215 1st Ave N, Birmingham, AL 35203",TRUE,https://essentialbham.com,28,Neighborhood bistro; mains often mid-20s to low-30s,"New American, Bistro",TRUE,,(205) 718-7612,Downtown / Morris Ave
,FALSE,,The Filling Station,"5524 Crestwood Blvd, Birmingham, AL 35212",TRUE,,18,"$$ pizza, Italian dishes & craft beer",Pizza / Italian,FALSE,,(205) 592-3455,Crestwood
,FALSE,,The Fish Market,"612 22nd St S, Birmingham, AL 35233",TRUE,,20,Most seafood platters in high teens/low 20s,Seafood,TRUE,,(205) 322-3330,Southside
,FALSE,,The Fish Market Restaurant,"612 22nd St S, Birmingham, AL 35233",TRUE,https://fishmarketbirmingham.com,22,Seafood platters and grilled fish mostly in the low-to-mid $20s,Seafood/Greek,TRUE,,,Southside
,FALSE,,The Garage,"2304 10th Ter S, Birmingham, AL 35205",TRUE,(search: “The Garage Birmingham AL bar”),14,Sandwiches & bar snacks mostly $10–$16,Sandwiches / Bar,FALSE,,(205) 322-3220*,Highland Park / Southside
,FALSE,,The Mayor,"2808 7th Ave S Suite 109, Birmingham, AL 35233",TRUE,https://www.themayorlakeview.com,18,"Burgers, wings, and bar food mostly in the mid-teens",American/Bar,FALSE,,659-202-0128,Lakeview
,FALSE,,The Paw Paw Patch,"410 Greensprings Hwy, Homewood, AL 35209",FALSE,https://pawpawpatch.net,13,Meat-and-three plates around $10–$14,Southern / Meat & Three,TRUE,,(205) 941-1117,Homewood
,FALSE,,The Pit BBQ,"2820 10th Ave N, Birmingham, AL 35203",FALSE,(no clear official site; see Yelp/other listings),13,$; breakfast sandwiches & BBQ plates roughly $8–16,Barbecue,FALSE,10,(205) 328-1515,Norwood
,FALSE,,The Pita Cafe,"1849 Montgomery Hwy S Ste 101, Hoover, AL 35244",FALSE,,14,"$$ gyros, kebabs & platters",Mediterranean,FALSE,,,Hoover
,FALSE,,The Pita Stop Express,,TRUE,,18,Greek & Mediterranean plates roughly $14–$22,Mediterranean,FALSE,,,Southside / UAB
,FALSE,,The Purple Onion,"1625 10th Ave S, Birmingham, AL 35205",TRUE,,13,Greek & American fast-casual; plates $10–$15,Mediterranean / American,FALSE,,(205) 933-0555,Southside / UAB
,FALSE,,The Refinery,"728 29th St S, Birmingham, AL 35233",TRUE,(search: “The Refinery Birmingham AL”),20,$$; burgers & mains around $16–24,American / Bar,FALSE,,,Lakeview / Southside
,FALSE,,The Rougaroux,"817 39th St S, Birmingham, AL 35222",FALSE,https://www.rougarouxbhm.com,16,Po’boys/plates around $13–$20,Cajun / Creole,FALSE,10,205-518-6677,Forest Park
,FALSE,,The Six Sixteen,"616 29th St S, Birmingham, AL 35233",TRUE,(search: “The Six Sixteen Birmingham”),28,Upscale Southern / New American; many entrées in $24–$34 range,Southern / New American,TRUE,,,Lakeview / Southside
,FALSE,,The Standard,"1821 2nd Ave N #188, Birmingham, AL 35203",TRUE,https://standardbhm.com,12,"Burgers/dogs mostly $9–$15; counter-service, no reservations",American / Burgers,FALSE,,,Downtown (Pizitz Food Hall)
,FALSE,,The Yard,"1928 1st Ave N, Birmingham, AL 35203",TRUE,theyardbham.com,32,Upscale Southern/New American entrées mostly $28–35.,New American / Southern,TRUE,,,Downtown
,FALSE,,Top That Grille II,,FALSE,,14,"Burgers, wings & sandwiches about $10–$15",American / Burgers,FALSE,,,Downtown
,FALSE,,Tortuga's,"1309 Columbiana Rd, Birmingham, AL 35216",TRUE,https://www.tortugaspizza.com/,16,$$ Chicago-style deep-dish pizza,Pizza,FALSE,,,Homewood / Vestavia
,FALSE,,Trattoria Centrale,"207A 20th St N, Birmingham, AL 35203",TRUE,http://www.trattoriacentrale.com,15,"Pizzas/specials often $12–$18; counter-service, no reservations",Italian / Pizza,FALSE,,205-202-6207,Downtown
,FALSE,,Trattoria Zaza,"207 20th St N, Birmingham, AL 35203",TRUE,,18,"$$ Italian cafe, brunch & pasta",Italian,FALSE,,,Downtown
,FALSE,,Umami,"2808 7th Ave S #117, Birmingham, AL 35233",TRUE,https://www.umamibham.com/,22,"$$ Asian-inspired small plates, ramen & sushi",Asian Fusion,TRUE,,(205) 201-4337,Lakeview / Southside
,FALSE,,Uncle G's Pizza,"1068 Montgomery Hwy, Vestavia Hills, AL 35216",TRUE,https://uncleggspizzeria.com,18,Pizzas mostly in the mid-to-upper teens,Pizza,FALSE,,,Vestavia Hills
,FALSE,,Uncle G’s Pizza,"Hoover, AL 35244",FALSE,(search: “Uncle G’s Pizza Hoover”),15,$$; pizzas and subs in the mid-teens,Pizza / Italian,FALSE,,,Hoover
,FALSE,,University Tacos,"2009 University Blvd, Birmingham, AL 35233",FALSE,https://universitytacosandburritos.netwaiter.com,12,"Burritos, bowls & tacos ~ $9–$13",Mexican / Tex-Mex,FALSE,,(205) 538-5568,UAB / Southside
,FALSE,,Unos Tacos,"1821 2nd Ave N (Pizitz Food Hall), Birmingham, AL 35203",FALSE,https://www.unostacosbham.com,12,Street tacos & combos around $10–$15,Mexican / Tacos,FALSE,,,Downtown / Pizitz
,FALSE,,Uptown Cantina,"2301 Richard Arrington Jr Blvd N, Ste 200, Birmingham, AL 35203",TRUE,http://uptown-cantina.com,22,Fresh-Mex entrées mostly high-teens to low-20s,"Mexican, Latin American",TRUE,,(205) 598-8292,Uptown
,FALSE,,Vino,"1930 Cahaba Rd, Mountain Brook, AL 35223",FALSE,vinobirmingham.com,28,Mediterranean / Italian entrées generally in the high-20s.,Mediterranean / Italian,TRUE,,(205) 870-8404,English Village
,FALSE,,Waffle Works,"1821 2nd Ave N, Birmingham, AL 35203 (Pizitz Food Hall)",TRUE,,11,Savory/sweet waffles usually $9–$14,Breakfast / Casual,FALSE,,205-730-1922,Downtown (Pizitz Food Hall)
,FALSE,,Waldo’s Chicken & Beer,"3009 Pump House Rd Ste 110, Cahaba Heights, AL 35243",TRUE,waldoschicken.com,13,Chicken plates & sandwiches about $11–15.,Chicken / Southern,FALSE,,(205) 635-0002,Cahaba Heights
,FALSE,,Wasabi Juan's,"4120 3rd Ave S, Birmingham, AL 35222",FALSE,https://www.wasabijuans.com,16,Sushi burritos & tacos around $12–$18,Mexican / Sushi Fusion,FALSE,,(205) 703-8275,Avondale
,FALSE,,We Have Doughnuts,"2821 2nd Ave S, Birmingham, AL 35233 (plus pop-ups)",FALSE,https://www.wehavedoughnuts.com,3,Doughnuts usually $2–$4 each,Doughnuts / Bakery,FALSE,12,205-440-1038,Homewood
,FALSE,,Yo' Mama's,"2024 4th Ave N, Birmingham, AL 35203",FALSE,https://www.yomamasrestaurant.com/,15,"$$ Southern meat-and-three, chicken & waffles",Southern / Soul Food,FALSE,,(205) 957-6545,Downtown
,FALSE,,Yum Yai,"5426 Highway 280 Ste 7, Birmingham, AL 35242",FALSE,,17,Thai street-food style entrées mid-teens.,Thai,FALSE,,,280 / Greystone
,FALSE,,Zatie's Southern Cuisine,"1805 Center Point Pkwy, Center Point, AL 35215",TRUE,https://zatiessoutherncuisine.com,15,Meat-and-three plates around $13–$17,"Southern, Soul Food",FALSE,,(205) 518-5559,Center Point
,FALSE,,,,,,,,,,,,
,FALSE,,,,,,,,,,,,
,FALSE,,,,,,,,,,,,
,FALSE,,,,,,,,,,,,
,FALSE,,,,,,,,,,,,
,FALSE,,,,,,,,,,,,
,FALSE,,,,,,,,,,,,
,FALSE,,,,,,,,,,,,
,FALSE,,,,,,,,,,,,
,FALSE,,,,,,,,,,,,
,FALSE,,,,,,,,,,,,
,FALSE,,,,,,,,,,,,
,FALSE,,,,,,,,,,,,
,FALSE,,,,,,,,,,,,
,FALSE,,,,,,,,,,,,
,FALSE,,,,,,,,,,,,
,FALSE,,,,,,,,,,,,
,FALSE,,,,,,,,,,,,
,FALSE,,,,,,,,,,,,
,FALSE,,,,,,,,,,,,
,FALSE,,,,,,,,,,,,
,FALSE,,,,,,,,,,,,
,,,,,,,,,,,,,
,,,,,,,,,,,,,
,,,,,,,,,,,,,
,,,,,,,,,,,,,
,,,,,,,,,,,,,
,,,,,,,,,,,,,
,,,,,,,,,,,,,
,,,,,,,,,,,,,
,,,,,,,,,,,,,
,,,,,,,,,,,,,
,,,,,,,,,,,,,
,,,,,,,,,,,,,
,,,,,,,,,,,,,
,,,,,,,,,,,,,
,,,,,,,,,,,,,
,,,,,,,,,,,,,
,,,,,,,,,,,,,
,,,,,,,,,,,,,
,,,,,,,,,,,,,
,,,,,,,,,,,,,
,FALSE,,,,,,,,,,,,
,FALSE,,,,,,,,,,,,
,FALSE,,,,,,,,,,,,
,FALSE,,,,,,,,,,,,
,FALSE,,,,,,,,,,,,
,FALSE,,,,,,,,,,,,
,FALSE,,,,,,,,,,,,
,FALSE,,,,,,,,,,,,
,FALSE,,,,,,,,,,,,
,FALSE,,,,,,,,,,,,
,FALSE,,,,,,,,,,,,
,FALSE,,,,,,,,,,,,
,FALSE,,,,,,,,,,,,
,FALSE,,,,,,,,,,,,
,FALSE,,,,,,,,,,,,
,FALSE,,,,,,,,,,,,
,FALSE,,,,,,,,,,,,
,FALSE,,,,,,,,,,,,
,FALSE,,,,,,,,,,,,
,FALSE,,,,,,,,,,,,
,FALSE,,,,,,,,,,,,
,FALSE,,,,,,,,,,,,
,FALSE,,,,,,,,,,,,
,FALSE,,,,,,,,,,,,
,FALSE,,,,,,,,,,,,
,FALSE,,,,,,,,,,,,
,FALSE,,,,,,,,,,,,
,FALSE,,,,,,,,,,,,
,FALSE,,,,,,,,,,,,
,FALSE,,,,,,,,,,,,
,FALSE,,,,,,,,,,,,
,FALSE,,,,,,,,,,,,
,FALSE,,,,,,,,,,,,
,FALSE,,,,,,,,,,,,
,FALSE,,,,,,,,,,,,
,FALSE,,,,,,,,,,,,
,FALSE,,,,,,,,,,,,
,FALSE,,,,,,,,,,,,
,FALSE,,,,,,,,,,,,
,FALSE,,,,,,,,,,,,
,FALSE,,,,,,,,,,,,
,FALSE,,,,,,,,,,,,
,FALSE,,,,,,,,,,,,
,FALSE,,,,,,,,,,,,
,FALSE,,,,,,,,,,,,
,FALSE,,,,,,,,,,,,
,FALSE,,,,,,,,,,,,
,FALSE,,,,,,,,,,,,
,FALSE,,,,,,,,,,,,
,FALSE,,,,,,,,,,,,
,FALSE,,,,,,,,,,,,
,FALSE,,,,,,,,,,,,
,FALSE,,,,,,,,,,,,
,FALSE,,,,,,,,,,,,
,FALSE,,,,,,,,,,,,
,FALSE,,,,,,,,,,,,
,FALSE,,,,,,,,,,,,
,FALSE,,,,,,,,,,,,
,FALSE,,,,,,,,,,,,
,FALSE,,,,,,,,,,,,
,FALSE,,,,,,,,,,,,
,FALSE,,,,,,,,,,,,
,FALSE,,,,,,,,,,,,
,FALSE,,,,,,,,,,,,
,FALSE,,,,,,,,,,,,
,FALSE,,,,,,,,,,,,
,FALSE,,,,,,,,,,,,
,FALSE,,,,,,,,,,,,
,FALSE,,,,,,,,,,,,
,FALSE,,,,,,,,,,,,
,FALSE,,,,,,,,,,,,
,FALSE,,,,,,,,,,,,
,FALSE,,,,,,,,,,,,
,FALSE,,,,,,,,,,,,
,FALSE,,,,,,,,,,,,
,FALSE,,,,,,,,,,,,
,FALSE,,,,,,,,,,,,
,FALSE,,,,,,,,,,,,
,FALSE,,,,,,,,,,,,
,FALSE,,,,,,,,,,,,
,FALSE,,,,,,,,,,,,
,FALSE,,,,,,,,,,,,
,FALSE,,,,,,,,,,,,
,FALSE,,,,,,,,,,,,
,FALSE,,,,,,,,,,,,
,FALSE,,,,,,,,,,,,
,FALSE,,,,,,,,,,,,
,FALSE,,,,,,,,,,,,
,FALSE,,,,,,,,,,,,
,FALSE,,,,,,,,,,,,
,FALSE,,,,,,,,,,,,
,FALSE,,,,,,,,,,,,
,FALSE,,,,,,,,,,,,
,FALSE,,,,,,,,,,,,
,FALSE,,,,,,,,,,,,
,FALSE,,,,,,,,,,,,
,FALSE,,,,,,,,,,,,
,FALSE,,,,,,,,,,,,
,FALSE,,,,,,,,,,,,
,FALSE,,,,,,,,,,,,
,FALSE,,,,,,,,,,,,
,FALSE,,,,,,,,,,,,
,FALSE,,,,,,,,,,,,
,FALSE,,,,,,,,,,,,
,FALSE,,,,,,,,,,,,
,FALSE,,,,,,,,,,,,
,FALSE,,,,,,,,,,,,
,FALSE,,,,,,,,,,,,
,FALSE,,,,,,,,,,,,
,FALSE,,,,,,,,,,,,
,FALSE,,,,,,,,,,,,
,FALSE,,,,,,,,,,,,
,FALSE,,,,,,,,,,,,
,FALSE,,,,,,,,,,,,
,FALSE,,,,,,,,,,,,
,FALSE,,,,,,,,,,,,
,FALSE,,,,,,,,,,,,
,FALSE,,,,,,,,,,,,
,FALSE,,,,,,,,,,,,
,FALSE,,,,,,,,,,,,
,FALSE,,,,,,,,,,,,
,FALSE,,,,,,,,,,,,
,FALSE,,,,,,,,,,,,
,FALSE,,,,,,,,,,,,
,FALSE,,,,,,,,,,,,
,FALSE,,,,,,,,,,,,
,FALSE,,,,,,,,,,,,
,FALSE,,,,,,,,,,,,
,FALSE,,,,,,,,,,,,
,FALSE,,,,,,,,,,,,
,FALSE,,,,,,,,,,,,
,FALSE,,,,,,,,,,,,
,FALSE,,,,,,,,,,,,
,FALSE,,,,,,,,,,,,
,FALSE,,,,,,,,,,,,
,FALSE,,,,,,,,,,,,
,FALSE,,,,,,,,,,,,
,FALSE,,,,,,,,,,,,
,FALSE,,,,,,,,,,,,
,FALSE,,,,,,,,,,,,
,FALSE,,,,,,,,,,,,
,FALSE,,,,,,,,,,,,
,FALSE,,,,,,,,,,,,
,FALSE,,,,,,,,,,,,
,FALSE,,,,,,,,,,,,
,FALSE,,,,,,,,,,,,
,FALSE,,,,,,,,,,,,
,FALSE,,,,,,,,,,,,
,FALSE,,,,,,,,,,,,
,FALSE,,,,,,,,,,,,
,FALSE,,,,,,,,,,,,
,FALSE,,,,,,,,,,,,
,FALSE,,,,,,,,,,,,
,FALSE,,,,,,,,,,,,
,FALSE,,,,,,,,,,,,
,FALSE,,,,,,,,,,,,
,FALSE,,,,,,,,,,,,
,FALSE,,,,,,,,,,,,
,FALSE,,,,,,,,,,,,
,FALSE,,,,,,,,,,,,
,FALSE,,,,,,,,,,,,
,FALSE,,,,,,,,,,,,
,FALSE,,,,,,,,,,,,
,FALSE,,,,,,,,,,,,
,FALSE,,,,,,,,,,,,
,FALSE,,,,,,,,,,,,
,FALSE,,,,,,,,,,,,
,FALSE,,,,,,,,,,,,
,FALSE,,,,,,,,,,,,
,FALSE,,,,,,,,,,,,
,FALSE,,,,,,,,,,,,
,FALSE,,,,,,,,,,,,
,FALSE,,,,,,,,,,,,
,FALSE,,,,,,,,,,,,
,FALSE,,,,,,,,,,,,
,FALSE,,,,,,,,,,,,
,FALSE,,,,,,,,,,,,
,FALSE,,,,,,,,,,,,
,FALSE,,,,,,,,,,,,
,FALSE,,,,,,,,,,,,
,FALSE,,,,,,,,,,,,
,FALSE,,,,,,,,,,,,
,FALSE,,,,,,,,,,,,
,FALSE,,,,,,,,,,,,
,FALSE,,,,,,,,,,,,
,FALSE,,,,,,,,,,,,
,FALSE,,,,,,,,,,,,
,FALSE,,,,,,,,,,,,
,FALSE,,,,,,,,,,,,
,FALSE,,,,,,,,,,,,
,FALSE,,,,,,,,,,,,
,FALSE,,,,,,,,,,,,
,FALSE,,,,,,,,,,,,
,FALSE,,,,,,,,,,,,
,FALSE,,,,,,,,,,,,
,FALSE,,,,,,,,,,,,
,FALSE,,,,,,,,,,,,
,FALSE,,,,,,,,,,,,
,FALSE,,,,,,,,,,,,
,FALSE,,,,,,,,,,,,
,FALSE,,,,,,,,,,,,
,FALSE,,,,,,,,,,,,
,FALSE,,,,,,,,,,,,
,FALSE,,,,,,,,,,,,
,FALSE,,,,,,,,,,,,
,FALSE,,,,,,,,,,,,
,FALSE,,,,,,,,,,,,
,FALSE,,,,,,,,,,,,
,FALSE,,,,,,,,,,,,
,FALSE,,,,,,,,,,,,
,FALSE,,,,,,,,,,,,
,FALSE,,,,,,,,,,,,
,FALSE,,,,,,,,,,,,
,FALSE,,,,,,,,,,,,
,FALSE,,,,,,,,,,,,
,FALSE,,,,,,,,,,,,
,FALSE,,,,,,,,,,,,
,FALSE,,,,,,,,,,,,
,FALSE,,,,,,,,,,,,
,FALSE,,,,,,,,,,,,
,FALSE,,,,,,,,,,,,
,FALSE,,,,,,,,,,,,
,FALSE,,,,,,,,,,,,
,FALSE,,,,,,,,,,,,
,FALSE,,,,,,,,,,,,
,FALSE,,,,,,,,,,,,
,FALSE,,,,,,,,,,,,
,FALSE,,,,,,,,,,,,
,FALSE,,,,,,,,,,,,
,FALSE,,,,,,,,,,,,
,FALSE,,,,,,,,,,,,
,FALSE,,,,,,,,,,,,
,FALSE,,,,,,,,,,,,
,FALSE,,,,,,,,,,,,
,FALSE,,,,,,,,,,,,
,FALSE,,,,,,,,,,,,
,FALSE,,,,,,,,,,,,
,FALSE,,,,,,,,,,,,
,FALSE,,,,,,,,,,,,
,FALSE,,,,,,,,,,,,
,FALSE,,,,,,,,,,,,
,FALSE,,,,,,,,,,,,
,FALSE,,,,,,,,,,,,
,FALSE,,,,,,,,,,,,
,FALSE,,,,,,,,,,,,
,FALSE,,,,,,,,,,,,
,FALSE,,,,,,,,,,,,
,FALSE,,,,,,,,,,,,
,FALSE,,,,,,,,,,,,
,FALSE,,,,,,,,,,,,
,FALSE,,,,,,,,,,,,
,FALSE,,,,,,,,,,,,
,FALSE,,,,,,,,,,,,
,FALSE,,,,,,,,,,,,
,FALSE,,,,,,,,,,,,
,FALSE,,,,,,,,,,,,
,FALSE,,,,,,,,,,,,
,FALSE,,,,,,,,,,,,
,FALSE,,,,,,,,,,,,
,FALSE,,,,,,,,,,,,
,FALSE,,,,,,,,,,,,
,FALSE,,,,,,,,,,,,
,FALSE,,,,,,,,,,,,
,FALSE,,,,,,,,,,,,
,FALSE,,,,,,,,,,,,
,FALSE,,,,,,,,,,,,
,FALSE,,,,,,,,,,,,
,FALSE,,,,,,,,,,,,
,FALSE,,,,,,,,,,,,
,FALSE,,,,,,,,,,,,
,FALSE,,,,,,,,,,,,
,FALSE,,,,,,,,,,,,
,FALSE,,,,,,,,,,,,
,FALSE,,,,,,,,,,,,
,FALSE,,,,,,,,,,,,
,FALSE,,,,,,,,,,,,
,FALSE,,,,,,,,,,,,
,FALSE,,,,,,,,,,,,
,FALSE,,,,,,,,,,,,
,FALSE,,,,,,,,,,,,
,FALSE,,,,,,,,,,,,
,FALSE,,,,,,,,,,,,
,FALSE,,,,,,,,,,,,
,FALSE,,,,,,,,,,,,
,FALSE,,,,,,,,,,,,
,FALSE,,,,,,,,,,,,
,FALSE,,,,,,,,,,,,
,FALSE,,,,,,,,,,,,
,FALSE,,,,,,,,,,,,
,FALSE,,,,,,,,,,,,
,FALSE,,,,,,,,,,,,
,FALSE,,,,,,,,,,,,
,FALSE,,,,,,,,,,,,
,FALSE,,,,,,,,,,,,
,FALSE,,,,,,,,,,,,
,FALSE,,,,,,,,,,,,
,FALSE,,,,,,,,,,,,
,FALSE,,,,,,,,,,,,
,FALSE,,,,,,,,,,,,
,FALSE,,,,,,,,,,,,
,FALSE,,,,,,,,,,,,
,FALSE,,,,,,,,,,,,
,FALSE,,,,,,,,,,,,
,FALSE,,,,,,,,,,,,
,FALSE,,,,,,,,,,,,
,FALSE,,,,,,,,,,,,
,FALSE,,,,,,,,,,,,
,FALSE,,,,,,,,,,,,
,FALSE,,,,,,,,,,,,
,FALSE,,,,,,,,,,,,
,FALSE,,,,,,,,,,,,
,FALSE,,,,,,,,,,,,
,FALSE,,,,,,,,,,,,
,FALSE,,,,,,,,,,,,
,FALSE,,,,,,,,,,,,
,FALSE,,,,,,,,,,,,
,FALSE,,,,,,,,,,,,
,FALSE,,,,,,,,,,,,
,FALSE,,,,,,,,,,,,
,FALSE,,,,,,,,,,,,
,FALSE,,,,,,,,,,,,
,FALSE,,,,,,,,,,,,
,FALSE,,,,,,,,,,,,
,FALSE,,,,,,,,,,,,
,FALSE,,,,,,,,,,,,
,FALSE,,,,,,,,,,,,
,FALSE,,,,,,,,,,,,
,FALSE,,,,,,,,,,,,
,FALSE,,,,,,,,,,,,
,FALSE,,,,,,,,,,,,
,FALSE,,,,,,,,,,,,
,FALSE,,,,,,,,,,,,
,FALSE,,,,,,,,,,,,
,FALSE,,,,,,,,,,,,
,FALSE,,,,,,,,,,,,
,FALSE,,,,,,,,,,,,
,FALSE,,,,,,,,,,,,
,FALSE,,,,,,,,,,,,
,FALSE,,,,,,,,,,,,
,FALSE,,,,,,,,,,,,
,FALSE,,,,,,,,,,,,
,FALSE,,,,,,,,,,,,
,FALSE,,,,,,,,,,,,
,FALSE,,,,,,,,,,,,
,FALSE,,,,,,,,,,,,
,FALSE,,,,,,,,,,,,
,FALSE,,,,,,,,,,,,
,FALSE,,,,,,,,,,,,
,FALSE,,,,,,,,,,,,
,FALSE,,,,,,,,,,,,
,FALSE,,,,,,,,,,,,
,FALSE,,,,,,,,,,,,
,FALSE,,,,,,,,,,,,
,FALSE,,,,,,,,,,,,
,FALSE,,,,,,,,,,,,
,FALSE,,,,,,,,,,,,
,FALSE,,,,,,,,,,,,
,FALSE,,,,,,,,,,,,
,FALSE,,,,,,,,,,,,
,FALSE,,,,,,,,,,,,
,FALSE,,,,,,,,,,,,
,FALSE,,,,,,,,,,,,
,FALSE,,,,,,,,,,,,
,FALSE,,,,,,,,,,,,
,FALSE,,,,,,,,,,,,
,FALSE,,,,,,,,,,,,
,FALSE,,,,,,,,,,,,
,FALSE,,,,,,,,,,,,
,FALSE,,,,,,,,,,,,
,FALSE,,,,,,,,,,,,
,FALSE,,,,,,,,,,,,
,FALSE,,,,,,,,,,,,
,FALSE,,,,,,,,,,,,
,FALSE,,,,,,,,,,,,
,FALSE,,,,,,,,,,,,
,FALSE,,,,,,,,,,,,
,FALSE,,,,,,,,,,,,
,FALSE,,,,,,,,,,,,
,FALSE,,,,,,,,,,,,
,FALSE,,,,,,,,,,,,
,FALSE,,,,,,,,,,,,
,FALSE,,,,,,,,,,,,
,FALSE,,,,,,,,,,,,
,FALSE,,,,,,,,,,,,
,FALSE,,,,,,,,,,,,
,FALSE,,,,,,,,,,,,
,FALSE,,,,,,,,,,,,
,FALSE,,,,,,,,,,,,
,FALSE,,,,,,,,,,,,
,FALSE,,,,,,,,,,,,
,FALSE,,,,,,,,,,,,
,FALSE,,,,,,,,,,,,
,FALSE,,,,,,,,,,,,
,FALSE,,,,,,,,,,,,
,FALSE,,,,,,,,,,,,
,FALSE,,,,,,,,,,,,
,FALSE,,,,,,,,,,,,
,FALSE,,,,,,,,,,,,
,FALSE,,,,,,,,,,,,
,FALSE,,,,,,,,,,,,
,FALSE,,,,,,,,,,,,
,FALSE,,,,,,,,,,,,
,FALSE,,,,,,,,,,,,
,FALSE,,,,,,,,,,,,
,FALSE,,,,,,,,,,,,
,FALSE,,,,,,,,,,,,
,FALSE,,,,,,,,,,,,
,FALSE,,,,,,,,,,,,
,FALSE,,,,,,,,,,,,
,FALSE,,,,,,,,,,,,
,FALSE,,,,,,,,,,,,
,FALSE,,,,,,,,,,,,
,FALSE,,,,,,,,,,,,
,FALSE,,,,,,,,,,,,
,FALSE,,,,,,,,,,,,
,FALSE,,,,,,,,,,,,
,FALSE,,,,,,,,,,,,
,FALSE,,,,,,,,,,,,
,FALSE,,,,,,,,,,,,
,FALSE,,,,,,,,,,,,
,FALSE,,,,,,,,,,,,
,FALSE,,,,,,,,,,,,
,FALSE,,,,,,,,,,,,
,FALSE,,,,,,,,,,,,
,FALSE,,,,,,,,,,,,
,FALSE,,,,,,,,,,,,
,FALSE,,,,,,,,,,,,
,FALSE,,,,,,,,,,,,
,FALSE,,,,,,,,,,,,
,FALSE,,,,,,,,,,,,
,FALSE,,,,,,,,,,,,
,FALSE,,,,,,,,,,,,
,FALSE,,,,,,,,,,,,
,FALSE,,,,,,,,,,,,
,FALSE,,,,,,,,,,,,
,FALSE,,,,,,,,,,,,
,FALSE,,,,,,,,,,,,
,FALSE,,,,,,,,,,,,
,FALSE,,,,,,,,,,,,
,FALSE,,,,,,,,,,,,
,FALSE,,,,,,,,,,,,
,FALSE,,,,,,,,,,,,
,FALSE,,,,,,,,,,,,
,FALSE,,,,,,,,,,,,
,FALSE,,,,,,,,,,,,
,FALSE,,,,,,,,,,,,
,FALSE,,,,,,,,,,,,
,FALSE,,,,,,,,,,,,
,FALSE,,,,,,,,,,,,
,FALSE,,,,,,,,,,,,
,FALSE,,,,,,,,,,,,
,FALSE,,,,,,,,,,,,
,FALSE,,,,,,,,,,,,
,FALSE,,,,,,,,,,,,
,FALSE,,,,,,,,,,,,
,FALSE,,,,,,,,,,,,
,FALSE,,,,,,,,,,,,
,FALSE,,,,,,,,,,,,
,FALSE,,,,,,,,,,,,
,FALSE,,,,,,,,,,,,
,FALSE,,,,,,,,,,,,
,FALSE,,,,,,,,,,,,
,FALSE,,,,,,,,,,,,
,FALSE,,,,,,,,,,,,
,FALSE,,,,,,,,,,,,
,FALSE,,,,,,,,,,,,
,FALSE,,,,,,,,,,,,
,FALSE,,,,,,,,,,,,
,FALSE,,,,,,,,,,,,
,FALSE,,,,,,,,,,,,
,FALSE,,,,,,,,,,,,
,FALSE,,,,,,,,,,,,
,FALSE,,,,,,,,,,,,
,FALSE,,,,,,,,,,,,
,FALSE,,,,,,,,,,,,
,FALSE,,,,,,,,,,,,
,FALSE,,,,,,,,,,,,
,FALSE,,,,,,,,,,,,
,FALSE,,,,,,,,,,,,
,FALSE,,,,,,,,,,,,
,FALSE,,,,,,,,,,,,
,FALSE,,,,,,,,,,,,
,FALSE,,,,,,,,,,,,
,FALSE,,,,,,,,,,,,
,FALSE,,,,,,,,,,,,
,FALSE,,,,,,,,,,,,
,FALSE,,,,,,,,,,,,
,FALSE,,,,,,,,,,,,
,FALSE,,,,,,,,,,,,
,FALSE,,,,,,,,,,,,
,FALSE,,,,,,,,,,,,
,FALSE,,,,,,,,,,,,
,FALSE,,,,,,,,,,,,
,FALSE,,,,,,,,,,,,
,FALSE,,,,,,,,,,,,
,FALSE,,,,,,,,,,,,
,FALSE,,,,,,,,,,,,
,FALSE,,,,,,,,,,,,
,FALSE,,,,,,,,,,,,
,FALSE,,,,,,,,,,,,
,FALSE,,,,,,,,,,,,
,FALSE,,,,,,,,,,,,
,FALSE,,,,,,,,,,,,
,FALSE,,,,,,,,,,,,
,FALSE,,,,,,,,,,,,
,FALSE,,,,,,,,,,,,
,FALSE,,,,,,,,,,,,
,FALSE,,,,,,,,,,,,
,FALSE,,,,,,,,,,,,
,FALSE,,,,,,,,,,,,
,FALSE,,,,,,,,,,,,
,FALSE,,,,,,,,,,,,
,FALSE,,,,,,,,,,,,
,FALSE,,,,,,,,,,,,
,FALSE,,,,,,,,,,,,
,FALSE,,,,,,,,,,,,
,FALSE,,,,,,,,,,,,
,FALSE,,,,,,,,,,,,
,FALSE,,,,,,,,,,,,
,FALSE,,,,,,,,,,,,
,FALSE,,,,,,,,,,,,
,FALSE,,,,,,,,,,,,
,FALSE,,,,,,,,,,,,
,FALSE,,,,,,,,,,,,
,FALSE,,,,,,,,,,,,
,FALSE,,,,,,,,,,,,
,FALSE,,,,,,,,,,,,
,FALSE,,,,,,,,,,,,
,FALSE,,,,,,,,,,,,
,FALSE,,,,,,,,,,,,
,FALSE,,,,,,,,,,,,
,FALSE,,,,,,,,,,,,
,FALSE,,,,,,,,,,,,
,FALSE,,,,,,,,,,,,
,FALSE,,,,,,,,,,,,
,FALSE,,,,,,,,,,,,
,FALSE,,,,,,,,,,,,
,FALSE,,,,,,,,,,,,
,FALSE,,,,,,,,,,,,
,FALSE,,,,,,,,,,,,
,FALSE,,,,,,,,,,,,
,FALSE,,,,,,,,,,,,
,FALSE,,,,,,,,,,,,
,FALSE,,,,,,,,,,,,
,FALSE,,,,,,,,,,,,
,FALSE,,,,,,,,,,,,
,FALSE,,,,,,,,,,,,
,FALSE,,,,,,,,,,,,
,FALSE,,,,,,,,,,,,
,FALSE,,,,,,,,,,,,
,FALSE,,,,,,,,,,,,
,FALSE,,,,,,,,,,,,
,FALSE,,,,,,,,,,,,
,FALSE,,,,,,,,,,,,
,FALSE,,,,,,,,,,,,
,FALSE,,,,,,,,,,,,
,FALSE,,,,,,,,,,,,
,FALSE,,,,,,,,,,,,
,FALSE,,,,,,,,,,,,
,FALSE,,,,,,,,,,,,
,FALSE,,,,,,,,,,,,
,FALSE,,,,,,,,,,,,
,FALSE,,,,,,,,,,,,
,FALSE,,,,,,,,,,,,
,FALSE,,,,,,,,,,,,
,FALSE,,,,,,,,,,,,
,FALSE,,,,,,,,,,,,
,FALSE,,,,,,,,,,,,
,FALSE,,,,,,,,,,,,
,FALSE,,,,,,,,,,,,
,FALSE,,,,,,,,,,,,
,FALSE,,,,,,,,,,,,
,FALSE,,,,,,,,,,,,
,FALSE,,,,,,,,,,,,
,FALSE,,,,,,,,,,,,
,FALSE,,,,,,,,,,,,
,FALSE,,,,,,,,,,,,
,FALSE,,,,,,,,,,,,
,FALSE,,,,,,,,,,,,
,FALSE,,,,,,,,,,,,
,FALSE,,,,,,,,,,,,
,FALSE,,,,,,,,,,,,
,FALSE,,,,,,,,,,,,
,FALSE,,,,,,,,,,,,
,FALSE,,,,,,,,,,,,
,FALSE,,,,,,,,,,,,
,FALSE,,,,,,,,,,,,
,FALSE,,,,,,,,,,,,
,FALSE,,,,,,,,,,,,
,FALSE,,,,,,,,,,,,
,FALSE,,,,,,,,,,,,
,FALSE,,,,,,,,,,,,
,FALSE,,,,,,,,,,,,
,FALSE,,,,,,,,,,,,
,FALSE,,,,,,,,,,,,
,FALSE,,,,,,,,,,,,
,FALSE,,,,,,,,,,,,
,FALSE,,,,,,,,,,,,
,FALSE,,,,,,,,,,,,
,FALSE,,,,,,,,,,,,
,FALSE,,,,,,,,,,,,
,FALSE,,,,,,,,,,,,
,FALSE,,,,,,,,,,,,
,FALSE,,,,,,,,,,,,
,FALSE,,,,,,,,,,,,
,FALSE,,,,,,,,,,,,
,FALSE,,,,,,,,,,,,
,FALSE,,,,,,,,,,,,
,FALSE,,,,,,,,,,,,
,FALSE,,,,,,,,,,,,
,FALSE,,,,,,,,,,,,
,FALSE,,,,,,,,,,,,
,FALSE,,,,,,,,,,,,
,FALSE,,,,,,,,,,,,
,FALSE,,,,,,,,,,,,
,FALSE,,,,,,,,,,,,
,FALSE,,,,,,,,,,,,
,FALSE,,,,,,,,,,,,
,FALSE,,,,,,,,,,,,
,FALSE,,,,,,,,,,,,
,FALSE,,,,,,,,,,,,
,FALSE,,,,,,,,,,,,
,FALSE,,,,,,,,,,,,
,FALSE,,,,,,,,,,,,
,FALSE,,,,,,,,,,,,
,FALSE,,,,,,,,,,,,
,FALSE,,,,,,,,,,,,
,FALSE,,,,,,,,,,,,
,FALSE,,,,,,,,,,,,
,FALSE,,,,,,,,,,,,
,FALSE,,,,,,,,,,,,
,FALSE,,,,,,,,,,,,
,FALSE,,,,,,,,,,,,
,FALSE,,,,,,,,,,,,
,FALSE,,,,,,,,,,,,
,FALSE,,,,,,,,,,,,
,FALSE,,,,,,,,,,,,
,FALSE,,,,,,,,,,,,
,FALSE,,,,,,,,,,,,
,FALSE,,,,,,,,,,,,
,FALSE,,,,,,,,,,,,
,FALSE,,,,,,,,,,,,
,FALSE,,,,,,,,,,,,
,FALSE,,,,,,,,,,,,
,FALSE,,,,,,,,,,,,
,FALSE,,,,,,,,,,,,
,FALSE,,,,,,,,,,,,
,FALSE,,,,,,,,,,,,
,FALSE,,,,,,,,,,,,
,FALSE,,,,,,,,,,,,
,FALSE,,,,,,,,,,,,
,FALSE,,,,,,,,,,,,
,FALSE,,,,,,,,,,,,
,FALSE,,,,,,,,,,,,
,FALSE,,,,,,,,,,,,
,FALSE,,,,,,,,,,,,
,FALSE,,,,,,,,,,,,
,FALSE,,,,,,,,,,,,
,FALSE,,,,,,,,,,,,
,FALSE,,,,,,,,,,,,
,FALSE,,,,,,,,,,,,
,FALSE,,,,,,,,,,,,
,FALSE,,,,,,,,,,,,
,FALSE,,,,,,,,,,,,
,FALSE,,,,,,,,,,,,
,FALSE,,,,,,,,,,,,
,FALSE,,,,,,,,,,,,
,FALSE,,,,,,,,,,,,
,FALSE,,,,,,,,,,,,
,FALSE,,,,,,,,,,,,
,FALSE,,,,,,,,,,,,
,FALSE,,,,,,,,,,,,
,FALSE,,,,,,,,,,,,
,FALSE,,,,,,,,,,,,
,FALSE,,,,,,,,,,,,
,FALSE,,,,,,,,,,,,
,FALSE,,,,,,,,,,,,